Student_ID,Name,Age,Gender,Grade,ProgrammingLanguage
1001,John,20,Male,A,Python
1002,Emily,21,Female,B,Java
1003,Michael,19,Male,C,C++
1004,Sarah,22,Female,A,Python
1005,David,23,Male,B,Java
1006,Olivia,22,Female,C,C++
1007,Liam,21,Male,A,Python
1008,Ava,20,Female,B,Java
1009,James,24,Male,C,C++
1010,Sophia,22,Female,A,Python
1011,Lucas,23,Male,A,Python
1012,Mia,21,Female,B,Java
1013,Henry,19,Male,C,C++
1014,Charlotte,22,Female,A,Python
1015,William,23,Male,B,Java
1016,Amelia,20,Female,C,C++
1017,Benjamin,21,Male,A,Python
1018,Evelyn,19,Female,B,Java
1019,Daniel,20,Male,A,C++
1020,Isabella,22,Female,B,Python
